,museum_name_no_space,links,sum_likes,sum_comments
0,SmithsonianNationalMuseumofNaturalHistory,https://www.instagram.com/p/B1YrcFLgIQv/,31,1
1,SmithsonianNationalMuseumofNaturalHistory,https://www.instagram.com/p/B1R3wjLnX5z/,24,4
2,SmithsonianNationalMuseumofNaturalHistory,https://www.instagram.com/p/B1UftUGnXA8/,44,2
3,SmithsonianNationalMuseumofNaturalHistory,https://www.instagram.com/p/B1Z5NUchXuM/,192,1
4,SmithsonianNationalMuseumofNaturalHistory,https://www.instagram.com/p/By_GQZMhEbS/,14,2
5,SmithsonianNationalMuseumofNaturalHistory,https://www.instagram.com/p/By-Pz2OhEvK/,87,4
6,SmithsonianNationalMuseumofNaturalHistory,https://www.instagram.com/p/By6qlD5hP1_/,13,2
7,SmithsonianNationalMuseumofNaturalHistory,https://www.instagram.com/p/B0mW9QIJ21A/,124,14
8,SmithsonianNationalMuseumofNaturalHistory,https://www.instagram.com/p/Bl-z0eiBXAn/,27,2
9,SmithsonianNationalMuseumofNaturalHistory,https://www.instagram.com/p/B17uVecnMtK/,25,0
10,SmithsonianNationalMuseumofNaturalHistory,https://www.instagram.com/p/B1xJ86dpBoL/,13,0
11,SmithsonianNationalMuseumofNaturalHistory,https://www.instagram.com/p/B1Lt5McgYTg/,21,0
12,SmithsonianNationalMuseumofNaturalHistory,https://www.instagram.com/p/B1KkSASnURW/,51,0
13,SmithsonianNationalMuseumofNaturalHistory,https://www.instagram.com/p/B1I9xf_HKqr/,48,0
14,SmithsonianNationalMuseumofNaturalHistory,https://www.instagram.com/p/B1GrqLSAAGt/,5,0
15,SmithsonianNationalMuseumofNaturalHistory,https://www.instagram.com/p/B083qY-gqh_/,49,0
16,SmithsonianNationalMuseumofNaturalHistory,https://www.instagram.com/p/B06pCpwlFmJ/,10,0
17,SmithsonianNationalMuseumofNaturalHistory,https://www.instagram.com/p/B0vfsfWhzTw/,7,1
18,SmithsonianNationalMuseumofNaturalHistory,https://www.instagram.com/p/B0qgtb6Dy8b/,14,1
19,SmithsonianNationalMuseumofNaturalHistory,https://www.instagram.com/p/B0mgDbHniLO/,12,1
20,SmithsonianNationalMuseumofNaturalHistory,https://www.instagram.com/p/B0lG4lXljpU/,10979,167
21,Newseum,https://www.instagram.com/p/BwqSkGuFWWp/,2291,2
22,Newseum,https://www.instagram.com/p/BuWTKSHB2IW/,189,18
23,Newseum,https://www.instagram.com/p/BoCrvWyAqUQ/,212,18
24,Newseum,https://www.instagram.com/p/BpratxNh24L/,1052,9
25,Newseum,https://www.instagram.com/p/Bzst7nIn4KS/,118,8
26,Newseum,https://www.instagram.com/p/Bu6Loa1ntkK/,914,21
27,Newseum,https://www.instagram.com/p/Bq5uR7QB7p4/,114,1
28,Newseum,https://www.instagram.com/p/B0oHekzl9w4/,6,0
29,Newseum,https://www.instagram.com/p/By_1pOQJsw1/,91,0
30,Newseum,https://www.instagram.com/p/B2ABbxbpiQ7/,3,0
31,Newseum,https://www.instagram.com/p/B1_2rr4l2wr/,2,0
32,Newseum,https://www.instagram.com/p/B1_iEqLBTav/,7,0
33,Newseum,https://www.instagram.com/p/B1-2Wf5HgFZ/,64,2
34,Newseum,https://www.instagram.com/p/B193h84HZgu/,130,0
35,Newseum,https://www.instagram.com/p/B1904TVAXhz/,33,1
36,Newseum,https://www.instagram.com/p/B19tWkHlvIE/,47,3
37,Newseum,https://www.instagram.com/p/B19SiNkAf2o/,15,1
38,Newseum,https://www.instagram.com/p/B19RKqilOyY/,146,19
39,Newseum,https://www.instagram.com/p/B19IaUrBEqG/,398,9
40,Newseum,https://www.instagram.com/p/B18dtgGBOR1/,241,5
41,Newseum,https://www.instagram.com/p/B17rfSrnXlX/,36,2
42,SmithsonianNationalAirandSpaceMuseum,https://www.instagram.com/p/BhUBOIohXH1/,104,9
43,SmithsonianNationalAirandSpaceMuseum,https://www.instagram.com/p/BYJcGp-BMvk/,70,2
44,SmithsonianNationalAirandSpaceMuseum,https://www.instagram.com/p/BzbPm-jJPCm/,39,1
45,SmithsonianNationalAirandSpaceMuseum,https://www.instagram.com/p/B1mVHSDlBTw/,207,2
46,SmithsonianNationalAirandSpaceMuseum,https://www.instagram.com/p/BtLyLr6D5Lq/,6,1
47,SmithsonianNationalAirandSpaceMuseum,https://www.instagram.com/p/rkDf2RM-Kp/,16,0
48,SmithsonianNationalAirandSpaceMuseum,https://www.instagram.com/p/B1-l09cgp6C/,4,0
49,SmithsonianNationalAirandSpaceMuseum,https://www.instagram.com/p/BwsGstynOWj/,11,0
50,SmithsonianNationalAirandSpaceMuseum,https://www.instagram.com/p/Bm5XiiMj1Z6/,52,7
51,SmithsonianNationalAirandSpaceMuseum,https://www.instagram.com/p/B1-Yy2il7Ig/,52,1
52,SmithsonianNationalAirandSpaceMuseum,https://www.instagram.com/p/B12wKqgDv_f/,63,2
53,SmithsonianNationalAirandSpaceMuseum,https://www.instagram.com/p/B1xU0tZHQ2w/,3,0
54,SmithsonianNationalAirandSpaceMuseum,https://www.instagram.com/p/B1sC4B9igIy/,15,0
55,SmithsonianNationalAirandSpaceMuseum,https://www.instagram.com/p/B1mDxMkByk7/,33,2
56,SmithsonianNationalAirandSpaceMuseum,https://www.instagram.com/p/B1eXcW1A3fS/,26,0
57,SmithsonianNationalAirandSpaceMuseum,https://www.instagram.com/p/B1Y6fubh8tD/,42,0
58,SmithsonianNationalAirandSpaceMuseum,https://www.instagram.com/p/B1VGqn7BE_E/,25,1
59,SmithsonianNationalAirandSpaceMuseum,https://www.instagram.com/p/B1TocufA_Y3/,9,1
60,SmithsonianNationalAirandSpaceMuseum,https://www.instagram.com/p/B1M3xHXFuvW/,19,0
61,SmithsonianNationalAirandSpaceMuseum,https://www.instagram.com/p/B1G8VbflJm5/,9,2
62,SmithsonianNationalAirandSpaceMuseum,https://www.instagram.com/p/B0_VwPenE9E/,2,0
63,SmithsonianNationalAirandSpaceMuseum,https://www.instagram.com/p/B04zuZwpKuF/,17,0
64,SmithsonianNationalAirandSpaceMuseum,https://www.instagram.com/p/B02Q3sZiUkF/,6,1
65,SmithsonianNationalAirandSpaceMuseum,https://www.instagram.com/p/B0ykKQ0g3UE/,30,1
66,SmithsonianNationalAirandSpaceMuseum,https://www.instagram.com/p/B0uJb8sA73E/,13,0
67,SmithsonianNationalAirandSpaceMuseum,https://www.instagram.com/p/B0uIjKbgqwb/,14,0
68,SmithsonianNationalAirandSpaceMuseum,https://www.instagram.com/p/B0uH6lxgYtl/,5179,29
69,SmithsonianNationalAirandSpaceMuseum,https://www.instagram.com/p/B0gzI7NiH-d/,1334,34
70,SmithsonianNationalAirandSpaceMuseum,https://www.instagram.com/p/B0RexUaivNZ/,1581,9
71,SmithsonianNationalAirandSpaceMuseum,https://www.instagram.com/p/B0NJt6llH7A/,2250,59
72,SmithsonianNationalAirandSpaceMuseum,https://www.instagram.com/p/B0LDDY5n5y2/,1345,39
73,SmithsonianNationalAirandSpaceMuseum,https://www.instagram.com/p/B0KcSwCngF_/,7165,30
74,SmithsonianNationalAirandSpaceMuseum,https://www.instagram.com/p/B0KCPS2h6W6/,431,7
75,NationalGalleryofArt,https://www.instagram.com/p/B1cuEzUnBnm/,702,30
76,NationalGalleryofArt,https://www.instagram.com/p/Byl3dcxnH0d/,433,9
77,NationalGalleryofArt,https://www.instagram.com/p/B1_9L4jlTZP/,11,0
78,NationalGalleryofArt,https://www.instagram.com/p/B0dGQqOCarz/,5,0
79,NationalGalleryofArt,https://www.instagram.com/p/BwhJ1lXh4D2/,29,1
80,NationalGalleryofArt,https://www.instagram.com/p/BvHkaKehjcK/,4,0
81,NationalGalleryofArt,https://www.instagram.com/p/B0wjkacH8d1/,11,0
82,NationalGalleryofArt,https://www.instagram.com/p/BwcJN_Hh8Fz/,0,0
83,NationalGalleryofArt,https://www.instagram.com/p/By8NihqFpHa/,10,0
84,NationalGalleryofArt,https://www.instagram.com/p/B2AQ3LsgCqK/,35,8
85,NationalGalleryofArt,https://www.instagram.com/p/B2APSOfoi6w/,44,4
86,NationalGalleryofArt,https://www.instagram.com/p/B2AM1EBAcUv/,29,4
87,NationalGalleryofArt,https://www.instagram.com/p/B2ALKIMAGUu/,10,0
88,NationalGalleryofArt,https://www.instagram.com/p/B2ALDjxBpIK/,24,2
89,NationalGalleryofArt,https://www.instagram.com/p/B2AEjqWBNgj/,10,0
90,NationalGalleryofArt,https://www.instagram.com/p/B2AETjZi1Id/,50,0
91,NationalGalleryofArt,https://www.instagram.com/p/B1_6MJzBmMo/,12,1
92,NationalGalleryofArt,https://www.instagram.com/p/B1_3PqFJC0b/,44,2
93,NationalGalleryofArt,https://www.instagram.com/p/B1_1L1qCg35/,77,1
94,NationalGalleryofArt,https://www.instagram.com/p/B1_yTyenOel/,50,0
95,NationalGalleryofArt,https://www.instagram.com/p/B1_w6lXn8DJ/,34,6
96,NationalGalleryofArt,https://www.instagram.com/p/B1_XvaMnaBb/,16,0
97,NationalGalleryofArt,https://www.instagram.com/p/B1_XDipJGxN/,12,1
98,NationalGalleryofArt,https://www.instagram.com/p/B1_Na1jhkgJ/,440,4
99,NationalGalleryofArt,https://www.instagram.com/p/B1_Jmf0BSZ0/,151,0
100,NationalGalleryofArt,https://www.instagram.com/p/B1_Ir0tFlQ3/,226,7
101,NationalGalleryofArt,https://www.instagram.com/p/B1-2LU5Fvi9/,195,15
102,NationalGalleryofArt,https://www.instagram.com/p/B1-1yY3nHM_/,276,9
103,NationalGalleryofArt,https://www.instagram.com/p/B1-u-e3oSCz/,127,0
104,NationalGalleryofArt,https://www.instagram.com/p/B1-tOjoI1J9/,101,41
105,NationalGalleryofArt,https://www.instagram.com/p/B1-rSSXgglW/,360,26
106,NationalGalleryofArt,https://www.instagram.com/p/B1-lFV5ApKF/,0,0
107,NationalGalleryofArt,https://www.instagram.com/p/B1-d4kTFMK_/,0,0
108,NationalMuseumofAmericanHistory,https://www.instagram.com/p/BLrS4FHgWAf/,12,0
109,NationalMuseumofAmericanHistory,https://www.instagram.com/p/B17UMhEhhEW/,22,0
110,NationalMuseumofAmericanHistory,https://www.instagram.com/p/BjQXc2OhffA/,39,0
111,NationalMuseumofAmericanHistory,https://www.instagram.com/p/BvowUaSgyj6/,22,0
112,NationalMuseumofAmericanHistory,https://www.instagram.com/p/BU0IFLUFbqH/,20,1
113,NationalMuseumofAmericanHistory,https://www.instagram.com/p/BwdO_kihLW5/,2,0
114,NationalMuseumofAmericanHistory,https://www.instagram.com/p/B0o5qtEhreD/,19,3
115,NationalMuseumofAmericanHistory,https://www.instagram.com/p/Brlins2liht/,42,0
116,NationalMuseumofAmericanHistory,https://www.instagram.com/p/Bb5OGbVAmKA/,33,3
117,NationalMuseumofAmericanHistory,https://www.instagram.com/p/B1_tu0wnmu-/,18,2
118,NationalMuseumofAmericanHistory,https://www.instagram.com/p/B1_f8x6HFj2/,24,0
119,NationalMuseumofAmericanHistory,https://www.instagram.com/p/B1-VTynJOZO/,9,0
120,NationalMuseumofAmericanHistory,https://www.instagram.com/p/B186h_CAcdP/,24,3
121,NationalMuseumofAmericanHistory,https://www.instagram.com/p/B17gnP6Hcwe/,1,0
122,NationalMuseumofAmericanHistory,https://www.instagram.com/p/B168pZNpR16/,13,0
123,NationalMuseumofAmericanHistory,https://www.instagram.com/p/B165AbTlCna/,10,0
124,NationalMuseumofAmericanHistory,https://www.instagram.com/p/B14p3NdpJAS/,20,2
125,NationalMuseumofAmericanHistory,https://www.instagram.com/p/B13-2DulZ5D/,19,0
126,NationalMuseumofAmericanHistory,https://www.instagram.com/p/B13zBODBcwi/,13,1
127,NationalMuseumofAmericanHistory,https://www.instagram.com/p/B12vO3sBvsK/,40,4
128,NationalMuseumofAmericanHistory,https://www.instagram.com/p/B12ah_Ol4yp/,29,1
129,NationalMuseumofAmericanHistory,https://www.instagram.com/p/B11tyI1haCX/,117,5
130,NationalMuseumofAmericanHistory,https://www.instagram.com/p/B11jhQwBE8i/,178,6
131,NationalMuseumofAmericanHistory,https://www.instagram.com/p/B10XTbfIZ4Y/,112,0
132,NationalMuseumofAmericanHistory,https://www.instagram.com/p/B1zdtWsn5V2/,10,0
133,NationalMuseumofAmericanHistory,https://www.instagram.com/p/B1zbbB-lB9I/,23,8
134,NationalMuseumofAmericanHistory,https://www.instagram.com/p/B1wunfXl324/,4,0
135,NationalMuseumofAmericanHistory,https://www.instagram.com/p/B1urb5TIaNU/,2,0
136,NationalMuseumofAmericanHistory,https://www.instagram.com/p/B1ujUPkBFPs/,10,0
137,NationalMuseumofAmericanHistory,https://www.instagram.com/p/B1nD8r6jVMX/,5,0
138,NationalMuseumofAmericanHistory,https://www.instagram.com/p/B1m5EYth4nD/,27,0
139,NationalMuseumofAmericanHistory,https://www.instagram.com/p/B1lD3WOHAef/,62,3
140,NationalMuseumofAmericanHistory,https://www.instagram.com/p/B1kfzEvnWf-/,23,3
141,UnitedStatesHolocaustMemorialMuseum,https://www.instagram.com/p/BlOk0Mug3zX/,5,1
142,UnitedStatesHolocaustMemorialMuseum,https://www.instagram.com/p/Bs378v2HHOY/,36,0
143,UnitedStatesHolocaustMemorialMuseum,https://www.instagram.com/p/BoSsnawBwe1/,3,0
144,UnitedStatesHolocaustMemorialMuseum,https://www.instagram.com/p/B0z8inflgcX/,27,2
145,UnitedStatesHolocaustMemorialMuseum,https://www.instagram.com/p/Br_aY5MBiVP/,37,7
146,UnitedStatesHolocaustMemorialMuseum,https://www.instagram.com/p/Bp0_L10Fsu6/,29,0
147,UnitedStatesHolocaustMemorialMuseum,https://www.instagram.com/p/BhPZxD-lB-D/,17,0
148,UnitedStatesHolocaustMemorialMuseum,https://www.instagram.com/p/B1Gznu0hKfD/,3,1
149,UnitedStatesHolocaustMemorialMuseum,https://www.instagram.com/p/BuM8hnRHazg/,424,0
150,UnitedStatesHolocaustMemorialMuseum,https://www.instagram.com/p/B14y9xHgxKG/,4,0
151,UnitedStatesHolocaustMemorialMuseum,https://www.instagram.com/p/B1115PRHhus/,415,2
152,UnitedStatesHolocaustMemorialMuseum,https://www.instagram.com/p/B1m5EYth4nD/,5,0
153,UnitedStatesHolocaustMemorialMuseum,https://www.instagram.com/p/B1kbYhIgxZE/,19,0
154,UnitedStatesHolocaustMemorialMuseum,https://www.instagram.com/p/B1kYtsiBVNW/,9,3
155,UnitedStatesHolocaustMemorialMuseum,https://www.instagram.com/p/B1iRtCeAkas/,37,3
156,UnitedStatesHolocaustMemorialMuseum,https://www.instagram.com/p/B1ghZVDARYJ/,34,2
157,UnitedStatesHolocaustMemorialMuseum,https://www.instagram.com/p/B1Yq-sZlkki/,151,0
158,UnitedStatesHolocaustMemorialMuseum,https://www.instagram.com/p/B1PSyJahYBU/,135,9
159,UnitedStatesHolocaustMemorialMuseum,https://www.instagram.com/p/B1J6dyFhEMH/,44856,432
160,UnitedStatesHolocaustMemorialMuseum,https://www.instagram.com/p/B1G142KBd39/,816,3
161,UnitedStatesHolocaustMemorialMuseum,https://www.instagram.com/p/B1E6vG7Jw37/,917,8
162,UnitedStatesHolocaustMemorialMuseum,https://www.instagram.com/p/B1B_ZoPAnhI/,1018,3
163,UnitedStatesHolocaustMemorialMuseum,https://www.instagram.com/p/B06Hd-OnSCr/,23585,127
164,UnitedStatesHolocaustMemorialMuseum,https://www.instagram.com/p/B0126i5hhKC/,1068,7
165,UnitedStatesHolocaustMemorialMuseum,https://www.instagram.com/p/B0z8VlGl3mb/,310,26
166,UnitedStatesHolocaustMemorialMuseum,https://www.instagram.com/p/B0z7c_TB8LS/,5,0
167,UnitedStatesHolocaustMemorialMuseum,https://www.instagram.com/p/B0z7brHFVUb/,22,1
168,UnitedStatesHolocaustMemorialMuseum,https://www.instagram.com/p/B0z66k9hXlR/,30,0
169,UnitedStatesHolocaustMemorialMuseum,https://www.instagram.com/p/B0xIB3yhLa2/,7,0
170,UnitedStatesHolocaustMemorialMuseum,https://www.instagram.com/p/B0uMkQglZgF/,26,0
171,UnitedStatesHolocaustMemorialMuseum,https://www.instagram.com/p/B0hUa_jBEIM/,26,2
172,UnitedStatesHolocaustMemorialMuseum,https://www.instagram.com/p/B0hC8Iapf2j/,18,0
173,UnitedStatesHolocaustMemorialMuseum,https://www.instagram.com/p/B0e_nhsl-Jv/,61,1
174,NationalMuseumofAfricanAmericanHistoryandCulture,https://www.instagram.com/p/B17UMhEhhEW/,25,5
175,NationalMuseumofAfricanAmericanHistoryandCulture,https://www.instagram.com/p/BsfiRFClbId/,25,2
176,NationalMuseumofAfricanAmericanHistoryandCulture,https://www.instagram.com/p/Bxuzgz1gPA6/,295,11
177,NationalMuseumofAfricanAmericanHistoryandCulture,https://www.instagram.com/p/BKVkD35D0f3/,157,10
178,NationalMuseumofAfricanAmericanHistoryandCulture,https://www.instagram.com/p/BKYQvovjEhc/,146,16
179,NationalMuseumofAfricanAmericanHistoryandCulture,https://www.instagram.com/p/BKpMV-qDtQd/,104,2
180,NationalMuseumofAfricanAmericanHistoryandCulture,https://www.instagram.com/p/BLyxv74hmUw/,162,8
181,NationalMuseumofAfricanAmericanHistoryandCulture,https://www.instagram.com/p/BKrc2IgjdP_/,244,63
182,NationalMuseumofAfricanAmericanHistoryandCulture,https://www.instagram.com/p/Bfl9_1IAspT/,179,2
183,NationalMuseumofAfricanAmericanHistoryandCulture,https://www.instagram.com/p/B1_nfOKJQu3/,196,6
184,NationalMuseumofAfricanAmericanHistoryandCulture,https://www.instagram.com/p/B1-Z63Al4b6/,881,1
185,NationalMuseumofAfricanAmericanHistoryandCulture,https://www.instagram.com/p/B19k158JmFx/,21,1
186,NationalMuseumofAfricanAmericanHistoryandCulture,https://www.instagram.com/p/B18jtOAF9lN/,4,0
187,NationalMuseumofAfricanAmericanHistoryandCulture,https://www.instagram.com/p/B17J7k_HOO_/,11,2
188,NationalMuseumofAfricanAmericanHistoryandCulture,https://www.instagram.com/p/B17IoEiDHXu/,73,6
189,NationalMuseumofAfricanAmericanHistoryandCulture,https://www.instagram.com/p/B15t-HAlQ-9/,35,0
190,NationalMuseumofAfricanAmericanHistoryandCulture,https://www.instagram.com/p/B148IyuH__l/,29,0
191,NationalMuseumofAfricanAmericanHistoryandCulture,https://www.instagram.com/p/B14N0wGgg3b/,43,0
192,NationalMuseumofAfricanAmericanHistoryandCulture,https://www.instagram.com/p/B10cxEKFeYi/,22,11
193,NationalMuseumofAfricanAmericanHistoryandCulture,https://www.instagram.com/p/B1xZDMphJv-/,78,4
194,NationalMuseumofAfricanAmericanHistoryandCulture,https://www.instagram.com/p/B1tGjiTpbEw/,30,0
195,UnitedStatesBotanicGarden,https://www.instagram.com/p/ByQPOmYlSs5/,25,0
196,UnitedStatesBotanicGarden,https://www.instagram.com/p/B0UGZesg4DI/,1441,127
197,UnitedStatesBotanicGarden,https://www.instagram.com/p/BmKkQJlHxjR/,1101,15
198,UnitedStatesBotanicGarden,https://www.instagram.com/p/3gRkmEyqqe/,696,17
199,UnitedStatesBotanicGarden,https://www.instagram.com/p/BQ6LKdlBoSh/,172,0
200,UnitedStatesBotanicGarden,https://www.instagram.com/p/BYd6A5zFoO6/,3083,246
201,UnitedStatesBotanicGarden,https://www.instagram.com/p/BcA_-_3F1DO/,1992,38
202,UnitedStatesBotanicGarden,https://www.instagram.com/p/BiUe-A3lwbX/,2146,7
203,UnitedStatesBotanicGarden,https://www.instagram.com/p/pCgsaMthyC/,2799,8
204,UnitedStatesBotanicGarden,https://www.instagram.com/p/B19Ay26lwwI/,510,33
205,UnitedStatesBotanicGarden,https://www.instagram.com/p/B17gPOIoJby/,68,0
206,UnitedStatesBotanicGarden,https://www.instagram.com/p/B15BUZhFw-U/,8,1
207,UnitedStatesBotanicGarden,https://www.instagram.com/p/B14mHfpDtaJ/,29,1
208,UnitedStatesBotanicGarden,https://www.instagram.com/p/B1rrMFJnxxh/,283,5
209,UnitedStatesBotanicGarden,https://www.instagram.com/p/B1pQMmknVp5/,54,3
210,UnitedStatesBotanicGarden,https://www.instagram.com/p/B1pGuosBaJI/,16,1
211,UnitedStatesBotanicGarden,https://www.instagram.com/p/B1ls77tDqnA/,14,0
212,UnitedStatesBotanicGarden,https://www.instagram.com/p/B1irVVZlF50/,47,6
213,UnitedStatesBotanicGarden,https://www.instagram.com/p/B1fAffngs9l/,20,2
214,UnitedStatesBotanicGarden,https://www.instagram.com/p/B1Z-703g1St/,343,10
215,UnitedStatesBotanicGarden,https://www.instagram.com/p/B1Z2AzSJ9ml/,35,8
216,NationalPortraitGallery,https://www.instagram.com/p/B10aKZ_HMGo/,542,14
217,NationalPortraitGallery,https://www.instagram.com/p/B0ORpn3IBbP/,60,1
218,NationalPortraitGallery,https://www.instagram.com/p/B0GFtfFnmxb/,43,1
219,NationalPortraitGallery,https://www.instagram.com/p/B2ATykyHuhd/,361,5
220,NationalPortraitGallery,https://www.instagram.com/p/B0pMsFogiwF/,114,13
221,NationalPortraitGallery,https://www.instagram.com/p/B1j4P4JgGBH/,150,0
222,NationalPortraitGallery,https://www.instagram.com/p/B1QnvxYD2DP/,146,10
223,NationalPortraitGallery,https://www.instagram.com/p/B1OAGN6DdPY/,417,11
224,NationalPortraitGallery,https://www.instagram.com/p/B1XD-XjBrgP/,693,450
225,NationalPortraitGallery,https://www.instagram.com/p/B2AdC3CBwWs/,112,2
226,NationalPortraitGallery,https://www.instagram.com/p/B2AbPFGFKPo/,513,20
227,NationalPortraitGallery,https://www.instagram.com/p/B2AWP8OnHKh/,15,0
228,NationalPortraitGallery,https://www.instagram.com/p/B2AOtb1g1cf/,247,15
229,NationalPortraitGallery,https://www.instagram.com/p/B2AKEWpnUbF/,24,2
230,NationalPortraitGallery,https://www.instagram.com/p/B2AGyqRApYx/,6,0
231,NationalPortraitGallery,https://www.instagram.com/p/B2AF-TPII5v/,2,0
232,NationalPortraitGallery,https://www.instagram.com/p/B1__oo1gjeN/,12,0
233,NationalPortraitGallery,https://www.instagram.com/p/B1_8hy3HW94/,391,41
234,NationalPortraitGallery,https://www.instagram.com/p/B1_7x2enSRv/,64,1
235,NationalPortraitGallery,https://www.instagram.com/p/B1_7dNsn2YV/,57,0
236,NationalPortraitGallery,https://www.instagram.com/p/B1_6MJzBmMo/,19,3
237,SmithsonianAmericanArtMuseumRenwickGallery,https://www.instagram.com/p/Bggz1zHhfvP/,27,2
238,SmithsonianAmericanArtMuseumRenwickGallery,https://www.instagram.com/p/BhM93PXH8nh/,17,0
239,SmithsonianAmericanArtMuseumRenwickGallery,https://www.instagram.com/p/BgRRqecDkhV/,2,0
240,InternationalSpyMuseum,https://www.instagram.com/p/B1983tVhG3h/,8,0
241,InternationalSpyMuseum,https://www.instagram.com/p/ByaOK45nz-7/,5,0
242,InternationalSpyMuseum,https://www.instagram.com/p/BpWshUpAEoM/,116,1
243,InternationalSpyMuseum,https://www.instagram.com/p/BqsqyQmnx3w/,15,0
244,InternationalSpyMuseum,https://www.instagram.com/p/BxHqklLFZn2/,29,0
245,InternationalSpyMuseum,https://www.instagram.com/p/BtvX2hZAmiD/,282,3
246,InternationalSpyMuseum,https://www.instagram.com/p/B0oAF5ZhNy8/,10,0
247,InternationalSpyMuseum,https://www.instagram.com/p/BouPsnMh4w6/,22,0
248,InternationalSpyMuseum,https://www.instagram.com/p/BsRdvEyheWF/,120,5
249,InternationalSpyMuseum,https://www.instagram.com/p/B1_39B4Hy72/,214,3
250,InternationalSpyMuseum,https://www.instagram.com/p/B19pVQOJCnu/,16,1
251,InternationalSpyMuseum,https://www.instagram.com/p/B19Wj08FZcM/,23,1
252,InternationalSpyMuseum,https://www.instagram.com/p/B171CNaAc4p/,17,0
253,InternationalSpyMuseum,https://www.instagram.com/p/B17uh1xh15i/,30,1
254,InternationalSpyMuseum,https://www.instagram.com/p/B17sh_zhiyr/,1107,9
255,InternationalSpyMuseum,https://www.instagram.com/p/B16ptHJpiVm/,1188,6
256,InternationalSpyMuseum,https://www.instagram.com/p/B16dr4hAlLh/,2998,3
257,InternationalSpyMuseum,https://www.instagram.com/p/B15IVqXnArI/,2486,6
258,InternationalSpyMuseum,https://www.instagram.com/p/B14ygBvhdTv/,3676,4
259,InternationalSpyMuseum,https://www.instagram.com/p/B13f63ThQyA/,1858,20
260,InternationalSpyMuseum,https://www.instagram.com/p/B13XhIyiKJL/,1825,27
261,InternationalSpyMuseum,https://www.instagram.com/p/B12u70Th5gT/,2384,31
262,InternationalSpyMuseum,https://www.instagram.com/p/B12Is2RhieW/,2236,79
263,InternationalSpyMuseum,https://www.instagram.com/p/B10Ow2KBsiX/,7,0
264,InternationalSpyMuseum,https://www.instagram.com/p/B1zT4OUAqq7/,25,5
265,InternationalSpyMuseum,https://www.instagram.com/p/B1y72yIh2qm/,21,1
266,InternationalSpyMuseum,https://www.instagram.com/p/B1xVhbZhBYc/,51,0
267,InternationalSpyMuseum,https://www.instagram.com/p/B1xLGayjBZ1/,29,12
268,InternationalSpyMuseum,https://www.instagram.com/p/B1uZaRKgXJ5/,15,0
269,InternationalSpyMuseum,https://www.instagram.com/p/B1tfuJRAmy8/,26,0
270,InternationalSpyMuseum,https://www.instagram.com/p/B1tTBnNHVCy/,53,0
271,InternationalSpyMuseum,https://www.instagram.com/p/B1rpWTjAA0g/,55,0
272,InternationalSpyMuseum,https://www.instagram.com/p/B1rS1jzB02F/,388,4
273,HirshhornMuseumSculptureGarden,https://www.instagram.com/p/9t7PQxlefb/,12,0
274,HirshhornMuseumSculptureGarden,https://www.instagram.com/p/9t7Sx7lefi/,507,3
275,HirshhornMuseumSculptureGarden,https://www.instagram.com/p/9yqNxdleS2/,98,2
276,HirshhornMuseumSculptureGarden,https://www.instagram.com/p/4gayTgyCWM/,101,4
277,HirshhornMuseumSculptureGarden,https://www.instagram.com/p/B11kQ_4nBWt/,19,0
278,MuseumoftheBible,https://www.instagram.com/p/B1h2H7jlEPq/,22,0
279,MuseumoftheBible,https://www.instagram.com/p/B0te9Zmlfta/,4,0
280,MuseumoftheBible,https://www.instagram.com/p/BvuApK3hpTO/,37,1
281,MuseumoftheBible,https://www.instagram.com/p/Bv4pQXchhLt/,17,1
282,MuseumoftheBible,https://www.instagram.com/p/BvzSs39BBpJ/,12,0
283,MuseumoftheBible,https://www.instagram.com/p/B1mduacFqEk/,39,0
284,MuseumoftheBible,https://www.instagram.com/p/BbxiWfjjMwJ/,16,0
285,MuseumoftheBible,https://www.instagram.com/p/Bzf6DNOgAQD/,131,30
286,MuseumoftheBible,https://www.instagram.com/p/BplPpp4AQxM/,79,14
287,MuseumoftheBible,https://www.instagram.com/p/B2AFPemhgts/,45,3
288,MuseumoftheBible,https://www.instagram.com/p/B2ADXTmn-_H/,41,2
289,MuseumoftheBible,https://www.instagram.com/p/B1_4349Huj8/,89,6
290,MuseumoftheBible,https://www.instagram.com/p/B1_sH1RhR-J/,47,0
291,MuseumoftheBible,https://www.instagram.com/p/B19d3JInWKJ/,83,1
292,MuseumoftheBible,https://www.instagram.com/p/B19dtlfpohh/,95,5
293,MuseumoftheBible,https://www.instagram.com/p/B19c3OQHNQD/,41,0
294,MuseumoftheBible,https://www.instagram.com/p/B17cFT1nPTP/,56,0
295,MuseumoftheBible,https://www.instagram.com/p/B17SBemgqEj/,8,0
296,MuseumoftheBible,https://www.instagram.com/p/B16qzFuF1jw/,29,0
297,MuseumoftheBible,https://www.instagram.com/p/B14_csBAW36/,13,1
298,MuseumoftheBible,https://www.instagram.com/p/B14cxpGlyag/,5,0
299,MuseumoftheBible,https://www.instagram.com/p/B14Wq-KF55o/,10,0
300,MuseumoftheBible,https://www.instagram.com/p/B13cZvMBbNU/,6,0
301,MuseumoftheBible,https://www.instagram.com/p/B12ig38FhEE/,20,0
302,MuseumoftheBible,https://www.instagram.com/p/B12TKQMn1fp/,16,2
303,MuseumoftheBible,https://www.instagram.com/p/B115PMWFJ5E/,6,0
304,MuseumoftheBible,https://www.instagram.com/p/B11le4gHS6d/,1577,7
305,MuseumoftheBible,https://www.instagram.com/p/B11TUFclpN2/,136,7
306,MuseumoftheBible,https://www.instagram.com/p/B1z3g-bh1DT/,286,2
307,MuseumoftheBible,https://www.instagram.com/p/B1zyOLDFmiu/,122,1
308,MuseumoftheBible,https://www.instagram.com/p/B1zUHdRAF0t/,107,3
309,MuseumoftheBible,https://www.instagram.com/p/B1yOSrmgPfB/,129,6
310,MuseumoftheBible,https://www.instagram.com/p/B1wqga_jJJY/,180,15
311,NationalGeographicMuseum,https://www.instagram.com/p/By1HfmmhaWX/,132,20
312,NationalGeographicMuseum,https://www.instagram.com/p/BypUGJ7B4vV/,38,7
313,NationalGeographicMuseum,https://www.instagram.com/p/BuwhUGAhiYf/,8,0
314,NationalGeographicMuseum,https://www.instagram.com/p/Bv__mfHnq0W/,2,0
315,NationalGeographicMuseum,https://www.instagram.com/p/B0QdBw0lcWS/,180,3
316,NationalGeographicMuseum,https://www.instagram.com/p/ByK_vuHBOpS/,8,0
317,NationalGeographicMuseum,https://www.instagram.com/p/BxXpq0Eg41V/,12,0
318,NationalGeographicMuseum,https://www.instagram.com/p/BxVjBcvAR4j/,3,1
319,NationalGeographicMuseum,https://www.instagram.com/p/BptPIrSBpZg/,82,3
320,NationalGeographicMuseum,https://www.instagram.com/p/B1_QCC6H3ZN/,6,0
321,NationalGeographicMuseum,https://www.instagram.com/p/B16Qxf8F00H/,66,0
322,NationalGeographicMuseum,https://www.instagram.com/p/B14z57pnQQw/,23,0
323,NationalGeographicMuseum,https://www.instagram.com/p/B12WREMp5sI/,24,2
324,NationalGeographicMuseum,https://www.instagram.com/p/B12IcKIAHBu/,95,5
325,NationalGeographicMuseum,https://www.instagram.com/p/B12FbXrgKyg/,53,6
326,NationalGeographicMuseum,https://www.instagram.com/p/B1zPJeJB75J/,14,0
327,NationalGeographicMuseum,https://www.instagram.com/p/B1ycVHlF4FX/,12,0
328,NationalGeographicMuseum,https://www.instagram.com/p/B1w8iF8h6QM/,41,6
329,NationalGeographicMuseum,https://www.instagram.com/p/B1wqOisgHUX/,16,0
330,NationalGeographicMuseum,https://www.instagram.com/p/B1uYrehlA8i/,36,1
331,NationalGeographicMuseum,https://www.instagram.com/p/B1nTW1Qh4wm/,19,0
332,FordsTheatre,https://www.instagram.com/p/Bz_KayAHc7w/,29,1
333,FordsTheatre,https://www.instagram.com/p/By3vYEqAvds/,61,6
334,FordsTheatre,https://www.instagram.com/p/BtzchtphkLB/,52,4
335,FordsTheatre,https://www.instagram.com/p/BwPKQ1IjX6Z/,9,0
336,FordsTheatre,https://www.instagram.com/p/BrBmy0SDGIK/,19,2
337,FordsTheatre,https://www.instagram.com/p/Bq6Zn5NBXob/,352,33
338,FordsTheatre,https://www.instagram.com/p/BwszTgkBMJk/,20,0
339,FordsTheatre,https://www.instagram.com/p/BrEGxIonJJf/,50,2
340,FordsTheatre,https://www.instagram.com/p/Bubqriin4Lr/,18,0
341,FordsTheatre,https://www.instagram.com/p/B1_zKo_g7xd/,14,0
342,FordsTheatre,https://www.instagram.com/p/B17hVhKhbun/,17,0
343,FordsTheatre,https://www.instagram.com/p/B16Z_0UlcCb/,13,0
344,FordsTheatre,https://www.instagram.com/p/B16XRDbl132/,41,0
345,FordsTheatre,https://www.instagram.com/p/B16Vnq4nIPw/,40,1
346,FordsTheatre,https://www.instagram.com/p/B13kNdTFZrD/,171,2
347,FordsTheatre,https://www.instagram.com/p/B11Os4iHOXV/,17,4
348,FordsTheatre,https://www.instagram.com/p/B1zxuKHHXLn/,117,3
349,FordsTheatre,https://www.instagram.com/p/B1ykIlJg0eD/,118,2
350,FordsTheatre,https://www.instagram.com/p/B1xc4KPpdVE/,18,1
351,FordsTheatre,https://www.instagram.com/p/B1utIz8hdXy/,13,0
352,FordsTheatre,https://www.instagram.com/p/B1t-5WkhYnd/,171,0
353,FordsTheatre,https://www.instagram.com/p/B1t3KMdgRyX/,71,5
354,FordsTheatre,https://www.instagram.com/p/B1td_HFB5Of/,40,0
355,FordsTheatre,https://www.instagram.com/p/B1qSnWYg4pg/,12,0
356,FordsTheatre,https://www.instagram.com/p/B1n2bxSpBAA/,2,1
357,FordsTheatre,https://www.instagram.com/p/B1m0VuBhAAP/,120,2
358,FordsTheatre,https://www.instagram.com/p/B1mRZu7HwuA/,26,2
359,FordsTheatre,https://www.instagram.com/p/B1jWvkygiAS/,50,0
360,FordsTheatre,https://www.instagram.com/p/B1iFOPpn8yl/,18,3
361,FordsTheatre,https://www.instagram.com/p/B1hJLL5HzL4/,28,0
362,FordsTheatre,https://www.instagram.com/p/B1gfQMYgXM3/,8,0
363,FordsTheatre,https://www.instagram.com/p/B1fCrdFHT_T/,25,0
364,FordsTheatre,https://www.instagram.com/p/B1eyKN8HqKQ/,24,1
365,NationalArchivesandRecordsAdministration,https://www.instagram.com/p/BoDWynmg1Vi/,49,4
366,NationalArchivesandRecordsAdministration,https://www.instagram.com/p/9w1G4tFeWm/,518,6
367,NationalArchivesandRecordsAdministration,https://www.instagram.com/p/BlmA7wqFYJV/,26,1
368,NationalArchivesandRecordsAdministration,https://www.instagram.com/p/BqAj_MSlHq6/,20,1
369,NationalArchivesandRecordsAdministration,https://www.instagram.com/p/Bi0R8x9niCW/,63,1
370,NationalArchivesandRecordsAdministration,https://www.instagram.com/p/BVZAVsvgdxF/,74,4
371,NationalArchivesandRecordsAdministration,https://www.instagram.com/p/BG2wYnHRwn-/,24,0
372,NationalArchivesandRecordsAdministration,https://www.instagram.com/p/Bi0SkXmH21A/,37,1
373,NationalArchivesandRecordsAdministration,https://www.instagram.com/p/Bi0S0VGHszq/,97,2
374,NationalArchivesandRecordsAdministration,https://www.instagram.com/p/B0yOJBZg22w/,20,2
375,NationalArchivesandRecordsAdministration,https://www.instagram.com/p/By5zPztn8AE/,65,1
376,NationalArchivesandRecordsAdministration,https://www.instagram.com/p/BuRxzpsFE5u/,36,1
377,NationalArchivesandRecordsAdministration,https://www.instagram.com/p/BsXfyI3FXAR/,58,0
378,NationalArchivesandRecordsAdministration,https://www.instagram.com/p/Bo1fQwHhcae/,71,1
379,NationalArchivesandRecordsAdministration,https://www.instagram.com/p/BnvBmatlhrJ/,184,4
380,NationalArchivesandRecordsAdministration,https://www.instagram.com/p/Bnsvst5FAhY/,525,25
381,NationalArchivesandRecordsAdministration,https://www.instagram.com/p/BnjYRtajjGz/,13,1
382,NationalArchivesandRecordsAdministration,https://www.instagram.com/p/BltikBRHjkt/,59,3
383,NationalArchivesandRecordsAdministration,https://www.instagram.com/p/Bi2kX_rBMTt/,313,1
384,NationalArchivesandRecordsAdministration,https://www.instagram.com/p/BgsYpHXA2ul/,117,3
385,NationalArchivesandRecordsAdministration,https://www.instagram.com/p/BgDZaGAgs_s/,71,0
386,NationalArchivesandRecordsAdministration,https://www.instagram.com/p/BgDZGNAAUwu/,142,0
387,NationalArchivesandRecordsAdministration,https://www.instagram.com/p/BfCr3xrHYLG/,75,2
388,NationalArchivesandRecordsAdministration,https://www.instagram.com/p/BeBiFG8AGFV/,54,1
389,NationalArchivesandRecordsAdministration,https://www.instagram.com/p/BbNf2jtBUtg/,95,2
390,NationalArchivesandRecordsAdministration,https://www.instagram.com/p/BZf54tAlqZ1/,121,8
391,NationalArchivesandRecordsAdministration,https://www.instagram.com/p/BWieMkRhOlP/,19,0
392,NationalArchivesandRecordsAdministration,https://www.instagram.com/p/BUqUob8BQ7r/,54,1
393,NationalArchivesandRecordsAdministration,https://www.instagram.com/p/BUagKf8BTw-/,20,0
394,NationalArchivesandRecordsAdministration,https://www.instagram.com/p/BTHhAJyBuiH/,90,9
395,NationalArchivesandRecordsAdministration,https://www.instagram.com/p/BRRvxJtg6L3/,112,8
396,NationalArchivesandRecordsAdministration,https://www.instagram.com/p/BRJM0EZhDL4/,24,2
397,NationalArchivesandRecordsAdministration,https://www.instagram.com/p/BQ1-loejYCR/,85,3
398,TheKreegerMuseum,https://www.instagram.com/p/BwiCEr-h-o-/,38,4
399,TheKreegerMuseum,https://www.instagram.com/p/B1jWLNsIj7Y/,167,11
400,TheKreegerMuseum,https://www.instagram.com/p/BtHL-u5BUJv/,11,0
401,TheKreegerMuseum,https://www.instagram.com/p/Bt7Xe6kA5c7/,210,31
402,TheKreegerMuseum,https://www.instagram.com/p/BstaTCXh9GG/,181,3
403,TheKreegerMuseum,https://www.instagram.com/p/BwAs2ZjBv6c/,24,3
404,TheKreegerMuseum,https://www.instagram.com/p/BtHMRt-Bpiy/,10,0
405,TheKreegerMuseum,https://www.instagram.com/p/BoeenpOBU4V/,12,0
406,TheKreegerMuseum,https://www.instagram.com/p/BtHOVqSB4i_/,12,1
407,TheKreegerMuseum,https://www.instagram.com/p/B0gIF4ujONb/,22,1
408,TheKreegerMuseum,https://www.instagram.com/p/B0Gn8g4hwv-/,15,0
409,TheKreegerMuseum,https://www.instagram.com/p/Bz1G_5uhzcI/,2,0
410,TheKreegerMuseum,https://www.instagram.com/p/Bz0nKO8Hz03/,8,0
411,TheKreegerMuseum,https://www.instagram.com/p/BzlnwQRHCFv/,27,0
412,TheKreegerMuseum,https://www.instagram.com/p/BzUKozXIQRF/,31,0
413,TheKreegerMuseum,https://www.instagram.com/p/BzLPHlFniND/,49,0
414,TheKreegerMuseum,https://www.instagram.com/p/By8FWZDjJ1K/,38,0
415,TheKreegerMuseum,https://www.instagram.com/p/By585dwniTJ/,30,0
416,TheKreegerMuseum,https://www.instagram.com/p/ByiZv2kJEiZ/,67,1
417,TheKreegerMuseum,https://www.instagram.com/p/Bydl5KQA3lU/,40,0
418,TheKreegerMuseum,https://www.instagram.com/p/ByTKxUrnWZL/,2,0
419,TheKreegerMuseum,https://www.instagram.com/p/BySrQ14nfEw/,1,0
420,TheKreegerMuseum,https://www.instagram.com/p/ByLocCYhQGV/,1,0
421,TheKreegerMuseum,https://www.instagram.com/p/Bx42t20gBdI/,2,0
422,TheKreegerMuseum,https://www.instagram.com/p/Bxuy8tPANbw/,1,0
423,TheKreegerMuseum,https://www.instagram.com/p/Bxsy1xqHSTu/,22,2
424,TheKreegerMuseum,https://www.instagram.com/p/BxqCG2jgalT/,64,4
425,TheKreegerMuseum,https://www.instagram.com/p/BxUyjG4Bpj1/,24,2
426,TheKreegerMuseum,https://www.instagram.com/p/BxAIUWLFCsx/,3264,44
427,TheKreegerMuseum,https://www.instagram.com/p/Bw2ZamthhHT/,4438,53
428,TheKreegerMuseum,https://www.instagram.com/p/BwvIB0Ylzvc/,1099,111
429,TheKreegerMuseum,https://www.instagram.com/p/Bwu13rchdt9/,2141,14
430,TheKreegerMuseum,https://www.instagram.com/p/BwuSYiXh2eU/,2664,52
431,NationalPostalMuseum,https://www.instagram.com/p/BtrL1vfhf9A/,1603,18
432,NationalPostalMuseum,https://www.instagram.com/p/B1q9AfqnMr0/,1951,58
433,NationalPostalMuseum,https://www.instagram.com/p/BsJUIDyHMFL/,8,1
434,NationalPostalMuseum,https://www.instagram.com/p/BhPXnclhQMK/,8,0
435,NationalPostalMuseum,https://www.instagram.com/p/Buj24UABlTR/,6,0
436,NationalPostalMuseum,https://www.instagram.com/p/B0-Asz3JWbA/,7,1
437,NationalPostalMuseum,https://www.instagram.com/p/BatGPuCFQ8N/,10,0
438,NationalPostalMuseum,https://www.instagram.com/p/BDa0ks5N-Ci/,15,1
439,NationalPostalMuseum,https://www.instagram.com/p/BmpSVSYlcgp/,16,1
440,NationalPostalMuseum,https://www.instagram.com/p/B1_ohBGnTHe/,17,0
441,NationalPostalMuseum,https://www.instagram.com/p/B1_nFaSniHU/,7,0
442,NationalPostalMuseum,https://www.instagram.com/p/B1_dszfgtIe/,9,1
443,NationalPostalMuseum,https://www.instagram.com/p/B19ZaiGFj3A/,274,1
444,NationalPostalMuseum,https://www.instagram.com/p/B170ud-H1RP/,5873,28
445,NationalPostalMuseum,https://www.instagram.com/p/B17rI9aDvC9/,276,2
446,NationalPostalMuseum,https://www.instagram.com/p/B13uLdgIjwY/,124,34
447,NationalPostalMuseum,https://www.instagram.com/p/B1wY3vsgONe/,241,4
448,NationalPostalMuseum,https://www.instagram.com/p/B1q0OdZnihf/,782,0
449,NationalPostalMuseum,https://www.instagram.com/p/B1pEFKPBgNC/,210,1
450,NationalPostalMuseum,https://www.instagram.com/p/B1jqI34ghDg/,249,2
451,NationalPostalMuseum,https://www.instagram.com/p/B1b_kMiDf3d/,171,0
452,NationalPostalMuseum,https://www.instagram.com/p/B1G4a3njlyi/,51,9
453,NationalPostalMuseum,https://www.instagram.com/p/B1GCvD-iNRx/,6,0
454,NationalPostalMuseum,https://www.instagram.com/p/B0-5BKpBTZc/,29,6
455,NationalPostalMuseum,https://www.instagram.com/p/B0r7hMjhZN7/,138,34
456,NationalPostalMuseum,https://www.instagram.com/p/B0r7WzOhgOz/,35,0
457,NationalPostalMuseum,https://www.instagram.com/p/B0r7ShchpAc/,207,54
458,NationalPostalMuseum,https://www.instagram.com/p/B0r7H2JBssH/,13,0
459,NationalPostalMuseum,https://www.instagram.com/p/B0r7EfZBghu/,79,1
460,NationalPostalMuseum,https://www.instagram.com/p/B0r6519hiPS/,6,0
461,NationalPostalMuseum,https://www.instagram.com/p/B0rLlYApKLM/,14,0
462,NationalPostalMuseum,https://www.instagram.com/p/B0lR4DHBN-E/,89,2
463,NationalPostalMuseum,https://www.instagram.com/p/B0gjjSIB7Zb/,124,0
464,LibraryofCongress,https://www.instagram.com/p/B12dvtqBzRD/,15,0
465,LibraryofCongress,https://www.instagram.com/p/B1cq4f6B1J3/,24,0
466,LibraryofCongress,https://www.instagram.com/p/B1285N7BlIw/,76,1
467,LibraryofCongress,https://www.instagram.com/p/By9Tu25gVT8/,7,1
468,LibraryofCongress,https://www.instagram.com/p/B1hrH_xh15e/,11,0
469,LibraryofCongress,https://www.instagram.com/p/B1NjYi9B52e/,9,1
470,LibraryofCongress,https://www.instagram.com/p/B1e46KWBhaI/,6,0
471,LibraryofCongress,https://www.instagram.com/p/B1bv8_JBNwa/,59,0
472,LibraryofCongress,https://www.instagram.com/p/B1gF9ivhGTi/,8,0
473,LibraryofCongress,https://www.instagram.com/p/B2AaP65Hn71/,60,3
